S\N,Local Government Area,State,2014_Popul,Poverty_Ra,2014_Pover,Rank,Population
1,Abadam,Borno State,83113,0.39648,31093,11,4171104
3,Abak,Akwa Ibom State,153585,0.227546,33179,15,3902051
5,Aba North,Abia State,257689,0.0173775,9661,28,2845370
6,Aba South,Abia State,405791,0.0944801,16070,28,2845370
8,Abeokuta South,Ogun State,366366,0.1153,37273,16,3751140
